﻿pos_x,pos_y,rotation,side,designator,mpn,pack,value,mount_type,place
87.0207,-41.77,180.0,top,C1,,C_0805_2012Metric,22pF,smt,True
87.0207,-101.0376,180.0,top,C1,,C_0805_2012Metric,22pF,smt,True
193.9133,-101.0376,180.0,top,C1,,C_0805_2012Metric,22pF,smt,True
193.9133,-41.77,180.0,top,C1,,C_0805_2012Metric,22pF,smt,True
145.4433,-57.04,90.0,top,C10,,C_0805_2012Metric,1uF,smt,True
38.5507,-116.3076,90.0,top,C10,,C_0805_2012Metric,1uF,smt,True
38.5507,-57.04,90.0,top,C10,,C_0805_2012Metric,1uF,smt,True
145.4433,-116.3076,90.0,top,C10,,C_0805_2012Metric,1uF,smt,True
66.4407,-69.7176,90.0,top,C11,,C_0805_2012Metric,100pF,smt,True
173.3333,-10.45,90.0,top,C11,,C_0805_2012Metric,100pF,smt,True
173.3333,-69.7176,90.0,top,C11,,C_0805_2012Metric,100pF,smt,True
66.4407,-10.45,90.0,top,C11,,C_0805_2012Metric,100pF,smt,True
50.4407,-11.7275,180.0,top,C12,,C_0805_2012Metric,100pF,smt,True
50.4407,-70.9951,180.0,top,C12,,C_0805_2012Metric,100pF,smt,True
157.3333,-70.9951,180.0,top,C12,,C_0805_2012Metric,100pF,smt,True
157.3333,-11.7275,180.0,top,C12,,C_0805_2012Metric,100pF,smt,True
190.1033,-20.0,90.0,top,C13,,C_0805_2012Metric,22pF,smt,True
190.1033,-79.2676,90.0,top,C13,,C_0805_2012Metric,22pF,smt,True
83.2107,-20.0,90.0,top,C13,,C_0805_2012Metric,22pF,smt,True
83.2107,-79.2676,90.0,top,C13,,C_0805_2012Metric,22pF,smt,True
91.9607,-72.4076,-90.0,top,C14,,C_0805_2012Metric,0.1uF,smt,True
198.8533,-13.14,-90.0,top,C14,,C_0805_2012Metric,0.1uF,smt,True
198.8533,-72.4076,-90.0,top,C14,,C_0805_2012Metric,0.1uF,smt,True
91.9607,-13.14,-90.0,top,C14,,C_0805_2012Metric,0.1uF,smt,True
145.2033,-75.8951,-90.0,top,C15,,C_0805_2012Metric,0.1uF,smt,True
38.3107,-75.8951,-90.0,top,C15,,C_0805_2012Metric,0.1uF,smt,True
145.2033,-16.6275,-90.0,top,C15,,C_0805_2012Metric,0.1uF,smt,True
38.3107,-16.6275,-90.0,top,C15,,C_0805_2012Metric,0.1uF,smt,True
54.5907,-73.4876,90.0,top,C16,,C_0805_2012Metric,100pF,smt,True
54.5907,-14.22,90.0,top,C16,,C_0805_2012Metric,100pF,smt,True
161.4833,-14.22,90.0,top,C16,,C_0805_2012Metric,100pF,smt,True
161.4833,-73.4876,90.0,top,C16,,C_0805_2012Metric,100pF,smt,True
44.8632,-12.3675,90.0,top,C17,,C_0805_2012Metric,0.1uF,smt,True
151.7558,-12.3675,90.0,top,C17,,C_0805_2012Metric,0.1uF,smt,True
151.7558,-71.6351,90.0,top,C17,,C_0805_2012Metric,0.1uF,smt,True
44.8632,-71.6351,90.0,top,C17,,C_0805_2012Metric,0.1uF,smt,True
172.4533,-14.74,-90.0,top,C18,,C_0805_2012Metric,0.1uF,smt,True
65.5607,-74.0076,-90.0,top,C18,,C_0805_2012Metric,0.1uF,smt,True
172.4533,-74.0076,-90.0,top,C18,,C_0805_2012Metric,0.1uF,smt,True
65.5607,-14.74,-90.0,top,C18,,C_0805_2012Metric,0.1uF,smt,True
159.0033,-117.9376,-90.0,top,C19,,C_0805_2012Metric,0.1uF,smt,True
159.0033,-58.67,-90.0,top,C19,,C_0805_2012Metric,0.1uF,smt,True
52.1107,-58.67,-90.0,top,C19,,C_0805_2012Metric,0.1uF,smt,True
52.1107,-117.9376,-90.0,top,C19,,C_0805_2012Metric,0.1uF,smt,True
193.9133,-97.7076,180.0,top,C2,,C_0805_2012Metric,22pF,smt,True
87.0207,-97.7076,180.0,top,C2,,C_0805_2012Metric,22pF,smt,True
87.0207,-38.44,180.0,top,C2,,C_0805_2012Metric,22pF,smt,True
193.9133,-38.44,180.0,top,C2,,C_0805_2012Metric,22pF,smt,True
83.2207,-10.09,0.0,top,C20,,C_0805_2012Metric,0.1uF,smt,True
190.1133,-10.09,0.0,top,C20,,C_0805_2012Metric,0.1uF,smt,True
83.2207,-69.3576,0.0,top,C20,,C_0805_2012Metric,0.1uF,smt,True
190.1133,-69.3576,0.0,top,C20,,C_0805_2012Metric,0.1uF,smt,True
73.8107,-50.75,0.0,top,C3,,C_0805_2012Metric,1uF,smt,True
180.7033,-110.0176,0.0,top,C3,,C_0805_2012Metric,1uF,smt,True
180.7033,-50.75,0.0,top,C3,,C_0805_2012Metric,1uF,smt,True
73.8107,-110.0176,0.0,top,C3,,C_0805_2012Metric,1uF,smt,True
173.9733,-55.28,-90.0,top,C4,,C_0805_2012Metric,22uF,smt,True
173.9733,-114.5476,-90.0,top,C4,,C_0805_2012Metric,22uF,smt,True
67.0807,-55.28,-90.0,top,C4,,C_0805_2012Metric,22uF,smt,True
67.0807,-114.5476,-90.0,top,C4,,C_0805_2012Metric,22uF,smt,True
208.8333,-88.9876,180.0,top,C5,,C_0805_2012Metric,10uF,smt,True
101.9407,-29.72,180.0,top,C5,,C_0805_2012Metric,10uF,smt,True
208.8333,-29.72,180.0,top,C5,,C_0805_2012Metric,10uF,smt,True
101.9407,-88.9876,180.0,top,C5,,C_0805_2012Metric,10uF,smt,True
69.9307,-114.5476,-90.0,top,C6,,C_0805_2012Metric,0.1uF,smt,True
176.8233,-114.5476,-90.0,top,C6,,C_0805_2012Metric,0.1uF,smt,True
176.8233,-55.28,-90.0,top,C6,,C_0805_2012Metric,0.1uF,smt,True
69.9307,-55.28,-90.0,top,C6,,C_0805_2012Metric,0.1uF,smt,True
190.0933,-74.6176,-90.0,top,C7,,C_0805_2012Metric,22pF,smt,True
83.2007,-74.6176,-90.0,top,C7,,C_0805_2012Metric,22pF,smt,True
190.0933,-15.35,-90.0,top,C7,,C_0805_2012Metric,22pF,smt,True
83.2007,-15.35,-90.0,top,C7,,C_0805_2012Metric,22pF,smt,True
195.6333,-13.14,-90.0,top,C8,,C_0805_2012Metric,10uF,smt,True
88.7407,-72.4076,-90.0,top,C8,,C_0805_2012Metric,10uF,smt,True
195.6333,-72.4076,-90.0,top,C8,,C_0805_2012Metric,10uF,smt,True
88.7407,-13.14,-90.0,top,C8,,C_0805_2012Metric,10uF,smt,True
34.5407,-112.2976,180.0,top,C9,,C_0805_2012Metric,1uF,smt,True
34.5407,-53.03,180.0,top,C9,,C_0805_2012Metric,1uF,smt,True
141.4333,-53.03,180.0,top,C9,,C_0805_2012Metric,1uF,smt,True
141.4333,-112.2976,180.0,top,C9,,C_0805_2012Metric,1uF,smt,True
94.2807,-57.17,180.0,bottom,D2,,LED_0805_2012Metric,LED,smt,True
201.1733,-116.4376,180.0,bottom,D2,,LED_0805_2012Metric,LED,smt,True
201.1733,-57.17,180.0,bottom,D2,,LED_0805_2012Metric,LED,smt,True
94.2807,-116.4376,180.0,bottom,D2,,LED_0805_2012Metric,LED,smt,True
96.6807,-29.65,180.0,top,F1,,Fuse_1206_3216Metric,MF-NSMF110,smt,True
203.5733,-88.9176,180.0,top,F1,,Fuse_1206_3216Metric,MF-NSMF110,smt,True
96.6807,-88.9176,180.0,top,F1,,Fuse_1206_3216Metric,MF-NSMF110,smt,True
203.5733,-29.65,180.0,top,F1,,Fuse_1206_3216Metric,MF-NSMF110,smt,True
96.9588,-108.6014,0.0,top,H1,,MountingHole_3.2mm_M3,MountingHole,tht,True
203.8514,-49.3338,0.0,top,H1,,MountingHole_3.2mm_M3,MountingHole,tht,True
96.9588,-49.3338,0.0,top,H1,,MountingHole_3.2mm_M3,MountingHole,tht,True
203.8514,-108.6014,0.0,top,H1,,MountingHole_3.2mm_M3,MountingHole,tht,True
130.8264,-49.3338,0.0,top,H2,,MountingHole_3.2mm_M3,MountingHole,tht,True
130.8264,-108.6014,0.0,top,H2,,MountingHole_3.2mm_M3,MountingHole,tht,True
23.9338,-49.3338,0.0,top,H2,,MountingHole_3.2mm_M3,MountingHole,tht,True
23.9338,-108.6014,0.0,top,H2,,MountingHole_3.2mm_M3,MountingHole,tht,True
130.8264,-23.9338,0.0,top,H3,,MountingHole_3.2mm_M3,MountingHole,tht,True
130.8264,-83.2014,0.0,top,H3,,MountingHole_3.2mm_M3,MountingHole,tht,True
23.9338,-83.2014,0.0,top,H3,,MountingHole_3.2mm_M3,MountingHole,tht,True
23.9338,-23.9338,0.0,top,H3,,MountingHole_3.2mm_M3,MountingHole,tht,True
203.8514,-23.9338,0.0,top,H4,,MountingHole_3.2mm_M3,MountingHole,tht,True
96.9588,-23.9338,0.0,top,H4,,MountingHole_3.2mm_M3,MountingHole,tht,True
96.9588,-83.2014,0.0,top,H4,,MountingHole_3.2mm_M3,MountingHole,tht,True
203.8514,-83.2014,0.0,top,H4,,MountingHole_3.2mm_M3,MountingHole,tht,True
131.4033,-35.9,-90.0,bottom,J1,,JST_PH_B2B-PH-SM4-TB_1x02-1MP_P2.00mm_Vertical,Conn_01x02_Female,smt,True
24.5107,-95.1676,-90.0,bottom,J1,,JST_PH_B2B-PH-SM4-TB_1x02-1MP_P2.00mm_Vertical,Conn_01x02_Female,smt,True
131.4033,-95.1676,-90.0,bottom,J1,,JST_PH_B2B-PH-SM4-TB_1x02-1MP_P2.00mm_Vertical,Conn_01x02_Female,smt,True
24.5107,-35.9,-90.0,bottom,J1,,JST_PH_B2B-PH-SM4-TB_1x02-1MP_P2.00mm_Vertical,Conn_01x02_Female,smt,True
122.266633,-30.09,180.0,bottom,J3,,PinSocket_1x06_P2.54mm_Vertical,Conn_01x06_Male,tht,True
122.266633,-89.3576,180.0,bottom,J3,,PinSocket_1x06_P2.54mm_Vertical,Conn_01x06_Male,tht,True
15.374033,-30.09,180.0,bottom,J3,,PinSocket_1x06_P2.54mm_Vertical,Conn_01x06_Male,tht,True
15.374033,-89.3576,180.0,bottom,J3,,PinSocket_1x06_P2.54mm_Vertical,Conn_01x06_Male,tht,True
96.6257,-95.8276,-90.0,bottom,J4,,USB_Micro-B_Molex-105133-0001,USB_B_Micro,smt,True
203.5183,-95.8276,-90.0,bottom,J4,,USB_Micro-B_Molex-105133-0001,USB_B_Micro,smt,True
203.5183,-36.56,-90.0,bottom,J4,,USB_Micro-B_Molex-105133-0001,USB_B_Micro,smt,True
96.6257,-36.56,-90.0,bottom,J4,,USB_Micro-B_Molex-105133-0001,USB_B_Micro,smt,True
211.630919,-91.9576,180.0,bottom,J5,,PinHeader_1x04_P2.54mm_Vertical,Conn_01x04_Male,tht,True
104.738319,-32.69,180.0,bottom,J5,,PinHeader_1x04_P2.54mm_Vertical,Conn_01x04_Male,tht,True
211.630919,-32.69,180.0,bottom,J5,,PinHeader_1x04_P2.54mm_Vertical,Conn_01x04_Male,tht,True
104.738319,-91.9576,180.0,bottom,J5,,PinHeader_1x04_P2.54mm_Vertical,Conn_01x04_Male,tht,True
60.3807,-115.0976,180.0,bottom,J6,,2465,2465,tht,True
60.3807,-55.83,180.0,bottom,J6,,2465,2465,tht,True
167.2733,-55.83,180.0,bottom,J6,,2465,2465,tht,True
167.2733,-115.0976,180.0,bottom,J6,,2465,2465,tht,True
180.321,-8.2,0.0,top,KiKit_MB_10_1,,NPTH,NPTH,tht,True
189.321,-8.2,0.0,top,KiKit_MB_10_10,,NPTH,NPTH,tht,True
181.321,-8.2,0.0,top,KiKit_MB_10_2,,NPTH,NPTH,tht,True
182.321,-8.2,0.0,top,KiKit_MB_10_3,,NPTH,NPTH,tht,True
183.321,-8.2,0.0,top,KiKit_MB_10_4,,NPTH,NPTH,tht,True
184.321,-8.2,0.0,top,KiKit_MB_10_5,,NPTH,NPTH,tht,True
185.321,-8.2,0.0,top,KiKit_MB_10_6,,NPTH,NPTH,tht,True
186.321,-8.2,0.0,top,KiKit_MB_10_7,,NPTH,NPTH,tht,True
187.321,-8.2,0.0,top,KiKit_MB_10_8,,NPTH,NPTH,tht,True
188.321,-8.2,0.0,top,KiKit_MB_10_9,,NPTH,NPTH,tht,True
154.3568,-65.0676,0.0,top,KiKit_MB_11_1,,NPTH,NPTH,tht,True
145.3568,-65.0676,0.0,top,KiKit_MB_11_10,,NPTH,NPTH,tht,True
153.3568,-65.0676,0.0,top,KiKit_MB_11_2,,NPTH,NPTH,tht,True
152.3568,-65.0676,0.0,top,KiKit_MB_11_3,,NPTH,NPTH,tht,True
151.3568,-65.0676,0.0,top,KiKit_MB_11_4,,NPTH,NPTH,tht,True
150.3568,-65.0676,0.0,top,KiKit_MB_11_5,,NPTH,NPTH,tht,True
149.3568,-65.0676,0.0,top,KiKit_MB_11_6,,NPTH,NPTH,tht,True
148.3568,-65.0676,0.0,top,KiKit_MB_11_7,,NPTH,NPTH,tht,True
147.3568,-65.0676,0.0,top,KiKit_MB_11_8,,NPTH,NPTH,tht,True
146.3568,-65.0676,0.0,top,KiKit_MB_11_9,,NPTH,NPTH,tht,True
189.321,-65.0676,0.0,top,KiKit_MB_12_1,,NPTH,NPTH,tht,True
180.321,-65.0676,0.0,top,KiKit_MB_12_10,,NPTH,NPTH,tht,True
188.321,-65.0676,0.0,top,KiKit_MB_12_2,,NPTH,NPTH,tht,True
187.321,-65.0676,0.0,top,KiKit_MB_12_3,,NPTH,NPTH,tht,True
186.321,-65.0676,0.0,top,KiKit_MB_12_4,,NPTH,NPTH,tht,True
185.321,-65.0676,0.0,top,KiKit_MB_12_5,,NPTH,NPTH,tht,True
184.321,-65.0676,0.0,top,KiKit_MB_12_6,,NPTH,NPTH,tht,True
183.321,-65.0676,0.0,top,KiKit_MB_12_7,,NPTH,NPTH,tht,True
182.321,-65.0676,0.0,top,KiKit_MB_12_8,,NPTH,NPTH,tht,True
181.321,-65.0676,0.0,top,KiKit_MB_12_9,,NPTH,NPTH,tht,True
8.2,-100.4014,0.0,top,KiKit_MB_13_1,,NPTH,NPTH,tht,True
8.2,-91.4014,0.0,top,KiKit_MB_13_10,,NPTH,NPTH,tht,True
8.2,-99.4014,0.0,top,KiKit_MB_13_2,,NPTH,NPTH,tht,True
8.2,-98.4014,0.0,top,KiKit_MB_13_3,,NPTH,NPTH,tht,True
8.2,-97.4014,0.0,top,KiKit_MB_13_4,,NPTH,NPTH,tht,True
8.2,-96.4014,0.0,top,KiKit_MB_13_5,,NPTH,NPTH,tht,True
8.2,-95.4014,0.0,top,KiKit_MB_13_6,,NPTH,NPTH,tht,True
8.2,-94.4014,0.0,top,KiKit_MB_13_7,,NPTH,NPTH,tht,True
8.2,-93.4014,0.0,top,KiKit_MB_13_8,,NPTH,NPTH,tht,True
8.2,-92.4014,0.0,top,KiKit_MB_13_9,,NPTH,NPTH,tht,True
112.6926,-91.4014,0.0,top,KiKit_MB_14_1,,NPTH,NPTH,tht,True
112.6926,-100.4014,0.0,top,KiKit_MB_14_10,,NPTH,NPTH,tht,True
112.6926,-92.4014,0.0,top,KiKit_MB_14_2,,NPTH,NPTH,tht,True
112.6926,-93.4014,0.0,top,KiKit_MB_14_3,,NPTH,NPTH,tht,True
112.6926,-94.4014,0.0,top,KiKit_MB_14_4,,NPTH,NPTH,tht,True
112.6926,-95.4014,0.0,top,KiKit_MB_14_5,,NPTH,NPTH,tht,True
112.6926,-96.4014,0.0,top,KiKit_MB_14_6,,NPTH,NPTH,tht,True
112.6926,-97.4014,0.0,top,KiKit_MB_14_7,,NPTH,NPTH,tht,True
112.6926,-98.4014,0.0,top,KiKit_MB_14_8,,NPTH,NPTH,tht,True
112.6926,-99.4014,0.0,top,KiKit_MB_14_9,,NPTH,NPTH,tht,True
38.4642,-67.4676,0.0,top,KiKit_MB_15_1,,NPTH,NPTH,tht,True
47.4642,-67.4676,0.0,top,KiKit_MB_15_10,,NPTH,NPTH,tht,True
39.4642,-67.4676,0.0,top,KiKit_MB_15_2,,NPTH,NPTH,tht,True
40.4642,-67.4676,0.0,top,KiKit_MB_15_3,,NPTH,NPTH,tht,True
41.4642,-67.4676,0.0,top,KiKit_MB_15_4,,NPTH,NPTH,tht,True
42.4642,-67.4676,0.0,top,KiKit_MB_15_5,,NPTH,NPTH,tht,True
43.4642,-67.4676,0.0,top,KiKit_MB_15_6,,NPTH,NPTH,tht,True
44.4642,-67.4676,0.0,top,KiKit_MB_15_7,,NPTH,NPTH,tht,True
45.4642,-67.4676,0.0,top,KiKit_MB_15_8,,NPTH,NPTH,tht,True
46.4642,-67.4676,0.0,top,KiKit_MB_15_9,,NPTH,NPTH,tht,True
73.4284,-67.4676,0.0,top,KiKit_MB_16_1,,NPTH,NPTH,tht,True
82.4284,-67.4676,0.0,top,KiKit_MB_16_10,,NPTH,NPTH,tht,True
74.4284,-67.4676,0.0,top,KiKit_MB_16_2,,NPTH,NPTH,tht,True
75.4284,-67.4676,0.0,top,KiKit_MB_16_3,,NPTH,NPTH,tht,True
76.4284,-67.4676,0.0,top,KiKit_MB_16_4,,NPTH,NPTH,tht,True
77.4284,-67.4676,0.0,top,KiKit_MB_16_5,,NPTH,NPTH,tht,True
78.4284,-67.4676,0.0,top,KiKit_MB_16_6,,NPTH,NPTH,tht,True
79.4284,-67.4676,0.0,top,KiKit_MB_16_7,,NPTH,NPTH,tht,True
80.4284,-67.4676,0.0,top,KiKit_MB_16_8,,NPTH,NPTH,tht,True
81.4284,-67.4676,0.0,top,KiKit_MB_16_9,,NPTH,NPTH,tht,True
47.4642,-124.3352,0.0,top,KiKit_MB_17_1,,NPTH,NPTH,tht,True
38.4642,-124.3352,0.0,top,KiKit_MB_17_10,,NPTH,NPTH,tht,True
46.4642,-124.3352,0.0,top,KiKit_MB_17_2,,NPTH,NPTH,tht,True
45.4642,-124.3352,0.0,top,KiKit_MB_17_3,,NPTH,NPTH,tht,True
44.4642,-124.3352,0.0,top,KiKit_MB_17_4,,NPTH,NPTH,tht,True
43.4642,-124.3352,0.0,top,KiKit_MB_17_5,,NPTH,NPTH,tht,True
42.4642,-124.3352,0.0,top,KiKit_MB_17_6,,NPTH,NPTH,tht,True
41.4642,-124.3352,0.0,top,KiKit_MB_17_7,,NPTH,NPTH,tht,True
40.4642,-124.3352,0.0,top,KiKit_MB_17_8,,NPTH,NPTH,tht,True
39.4642,-124.3352,0.0,top,KiKit_MB_17_9,,NPTH,NPTH,tht,True
82.4284,-124.3352,0.0,top,KiKit_MB_18_1,,NPTH,NPTH,tht,True
73.4284,-124.3352,0.0,top,KiKit_MB_18_10,,NPTH,NPTH,tht,True
81.4284,-124.3352,0.0,top,KiKit_MB_18_2,,NPTH,NPTH,tht,True
80.4284,-124.3352,0.0,top,KiKit_MB_18_3,,NPTH,NPTH,tht,True
79.4284,-124.3352,0.0,top,KiKit_MB_18_4,,NPTH,NPTH,tht,True
78.4284,-124.3352,0.0,top,KiKit_MB_18_5,,NPTH,NPTH,tht,True
77.4284,-124.3352,0.0,top,KiKit_MB_18_6,,NPTH,NPTH,tht,True
76.4284,-124.3352,0.0,top,KiKit_MB_18_7,,NPTH,NPTH,tht,True
75.4284,-124.3352,0.0,top,KiKit_MB_18_8,,NPTH,NPTH,tht,True
74.4284,-124.3352,0.0,top,KiKit_MB_18_9,,NPTH,NPTH,tht,True
115.0926,-100.4014,0.0,top,KiKit_MB_19_1,,NPTH,NPTH,tht,True
115.0926,-91.4014,0.0,top,KiKit_MB_19_10,,NPTH,NPTH,tht,True
115.0926,-99.4014,0.0,top,KiKit_MB_19_2,,NPTH,NPTH,tht,True
115.0926,-98.4014,0.0,top,KiKit_MB_19_3,,NPTH,NPTH,tht,True
115.0926,-97.4014,0.0,top,KiKit_MB_19_4,,NPTH,NPTH,tht,True
115.0926,-96.4014,0.0,top,KiKit_MB_19_5,,NPTH,NPTH,tht,True
115.0926,-95.4014,0.0,top,KiKit_MB_19_6,,NPTH,NPTH,tht,True
115.0926,-94.4014,0.0,top,KiKit_MB_19_7,,NPTH,NPTH,tht,True
115.0926,-93.4014,0.0,top,KiKit_MB_19_8,,NPTH,NPTH,tht,True
115.0926,-92.4014,0.0,top,KiKit_MB_19_9,,NPTH,NPTH,tht,True
8.2,-41.1338,0.0,top,KiKit_MB_1_1,,NPTH,NPTH,tht,True
8.2,-32.1338,0.0,top,KiKit_MB_1_10,,NPTH,NPTH,tht,True
8.2,-40.1338,0.0,top,KiKit_MB_1_2,,NPTH,NPTH,tht,True
8.2,-39.1338,0.0,top,KiKit_MB_1_3,,NPTH,NPTH,tht,True
8.2,-38.1338,0.0,top,KiKit_MB_1_4,,NPTH,NPTH,tht,True
8.2,-37.1338,0.0,top,KiKit_MB_1_5,,NPTH,NPTH,tht,True
8.2,-36.1338,0.0,top,KiKit_MB_1_6,,NPTH,NPTH,tht,True
8.2,-35.1338,0.0,top,KiKit_MB_1_7,,NPTH,NPTH,tht,True
8.2,-34.1338,0.0,top,KiKit_MB_1_8,,NPTH,NPTH,tht,True
8.2,-33.1338,0.0,top,KiKit_MB_1_9,,NPTH,NPTH,tht,True
219.5852,-91.4014,0.0,top,KiKit_MB_20_1,,NPTH,NPTH,tht,True
219.5852,-100.4014,0.0,top,KiKit_MB_20_10,,NPTH,NPTH,tht,True
219.5852,-92.4014,0.0,top,KiKit_MB_20_2,,NPTH,NPTH,tht,True
219.5852,-93.4014,0.0,top,KiKit_MB_20_3,,NPTH,NPTH,tht,True
219.5852,-94.4014,0.0,top,KiKit_MB_20_4,,NPTH,NPTH,tht,True
219.5852,-95.4014,0.0,top,KiKit_MB_20_5,,NPTH,NPTH,tht,True
219.5852,-96.4014,0.0,top,KiKit_MB_20_6,,NPTH,NPTH,tht,True
219.5852,-97.4014,0.0,top,KiKit_MB_20_7,,NPTH,NPTH,tht,True
219.5852,-98.4014,0.0,top,KiKit_MB_20_8,,NPTH,NPTH,tht,True
219.5852,-99.4014,0.0,top,KiKit_MB_20_9,,NPTH,NPTH,tht,True
145.3568,-67.4676,0.0,top,KiKit_MB_21_1,,NPTH,NPTH,tht,True
154.3568,-67.4676,0.0,top,KiKit_MB_21_10,,NPTH,NPTH,tht,True
146.3568,-67.4676,0.0,top,KiKit_MB_21_2,,NPTH,NPTH,tht,True
147.3568,-67.4676,0.0,top,KiKit_MB_21_3,,NPTH,NPTH,tht,True
148.3568,-67.4676,0.0,top,KiKit_MB_21_4,,NPTH,NPTH,tht,True
149.3568,-67.4676,0.0,top,KiKit_MB_21_5,,NPTH,NPTH,tht,True
150.3568,-67.4676,0.0,top,KiKit_MB_21_6,,NPTH,NPTH,tht,True
151.3568,-67.4676,0.0,top,KiKit_MB_21_7,,NPTH,NPTH,tht,True
152.3568,-67.4676,0.0,top,KiKit_MB_21_8,,NPTH,NPTH,tht,True
153.3568,-67.4676,0.0,top,KiKit_MB_21_9,,NPTH,NPTH,tht,True
180.321,-67.4676,0.0,top,KiKit_MB_22_1,,NPTH,NPTH,tht,True
189.321,-67.4676,0.0,top,KiKit_MB_22_10,,NPTH,NPTH,tht,True
181.321,-67.4676,0.0,top,KiKit_MB_22_2,,NPTH,NPTH,tht,True
182.321,-67.4676,0.0,top,KiKit_MB_22_3,,NPTH,NPTH,tht,True
183.321,-67.4676,0.0,top,KiKit_MB_22_4,,NPTH,NPTH,tht,True
184.321,-67.4676,0.0,top,KiKit_MB_22_5,,NPTH,NPTH,tht,True
185.321,-67.4676,0.0,top,KiKit_MB_22_6,,NPTH,NPTH,tht,True
186.321,-67.4676,0.0,top,KiKit_MB_22_7,,NPTH,NPTH,tht,True
187.321,-67.4676,0.0,top,KiKit_MB_22_8,,NPTH,NPTH,tht,True
188.321,-67.4676,0.0,top,KiKit_MB_22_9,,NPTH,NPTH,tht,True
154.3568,-124.3352,0.0,top,KiKit_MB_23_1,,NPTH,NPTH,tht,True
145.3568,-124.3352,0.0,top,KiKit_MB_23_10,,NPTH,NPTH,tht,True
153.3568,-124.3352,0.0,top,KiKit_MB_23_2,,NPTH,NPTH,tht,True
152.3568,-124.3352,0.0,top,KiKit_MB_23_3,,NPTH,NPTH,tht,True
151.3568,-124.3352,0.0,top,KiKit_MB_23_4,,NPTH,NPTH,tht,True
150.3568,-124.3352,0.0,top,KiKit_MB_23_5,,NPTH,NPTH,tht,True
149.3568,-124.3352,0.0,top,KiKit_MB_23_6,,NPTH,NPTH,tht,True
148.3568,-124.3352,0.0,top,KiKit_MB_23_7,,NPTH,NPTH,tht,True
147.3568,-124.3352,0.0,top,KiKit_MB_23_8,,NPTH,NPTH,tht,True
146.3568,-124.3352,0.0,top,KiKit_MB_23_9,,NPTH,NPTH,tht,True
189.321,-124.3352,0.0,top,KiKit_MB_24_1,,NPTH,NPTH,tht,True
180.321,-124.3352,0.0,top,KiKit_MB_24_10,,NPTH,NPTH,tht,True
188.321,-124.3352,0.0,top,KiKit_MB_24_2,,NPTH,NPTH,tht,True
187.321,-124.3352,0.0,top,KiKit_MB_24_3,,NPTH,NPTH,tht,True
186.321,-124.3352,0.0,top,KiKit_MB_24_4,,NPTH,NPTH,tht,True
185.321,-124.3352,0.0,top,KiKit_MB_24_5,,NPTH,NPTH,tht,True
184.321,-124.3352,0.0,top,KiKit_MB_24_6,,NPTH,NPTH,tht,True
183.321,-124.3352,0.0,top,KiKit_MB_24_7,,NPTH,NPTH,tht,True
182.321,-124.3352,0.0,top,KiKit_MB_24_8,,NPTH,NPTH,tht,True
181.321,-124.3352,0.0,top,KiKit_MB_24_9,,NPTH,NPTH,tht,True
8.0,-0.5,0.0,top,KiKit_MB_25_2,,NPTH,NPTH,tht,True
8.0,-1.5,0.0,top,KiKit_MB_25_3,,NPTH,NPTH,tht,True
8.0,-2.5,0.0,top,KiKit_MB_25_4,,NPTH,NPTH,tht,True
8.0,-3.5,0.0,top,KiKit_MB_25_5,,NPTH,NPTH,tht,True
8.0,-4.5,0.0,top,KiKit_MB_25_6,,NPTH,NPTH,tht,True
219.7852,-0.5,0.0,top,KiKit_MB_26_2,,NPTH,NPTH,tht,True
219.7852,-1.5,0.0,top,KiKit_MB_26_3,,NPTH,NPTH,tht,True
219.7852,-2.5,0.0,top,KiKit_MB_26_4,,NPTH,NPTH,tht,True
219.7852,-3.5,0.0,top,KiKit_MB_26_5,,NPTH,NPTH,tht,True
219.7852,-4.5,0.0,top,KiKit_MB_26_6,,NPTH,NPTH,tht,True
8.0,-128.0352,0.0,top,KiKit_MB_27_2,,NPTH,NPTH,tht,True
8.0,-129.0352,0.0,top,KiKit_MB_27_3,,NPTH,NPTH,tht,True
8.0,-130.0352,0.0,top,KiKit_MB_27_4,,NPTH,NPTH,tht,True
8.0,-131.0352,0.0,top,KiKit_MB_27_5,,NPTH,NPTH,tht,True
8.0,-132.0352,0.0,top,KiKit_MB_27_6,,NPTH,NPTH,tht,True
219.7852,-128.0352,0.0,top,KiKit_MB_28_2,,NPTH,NPTH,tht,True
219.7852,-129.0352,0.0,top,KiKit_MB_28_3,,NPTH,NPTH,tht,True
219.7852,-130.0352,0.0,top,KiKit_MB_28_4,,NPTH,NPTH,tht,True
219.7852,-131.0352,0.0,top,KiKit_MB_28_5,,NPTH,NPTH,tht,True
219.7852,-132.0352,0.0,top,KiKit_MB_28_6,,NPTH,NPTH,tht,True
0.5,-8.0,0.0,top,KiKit_MB_29_2,,NPTH,NPTH,tht,True
1.5,-8.0,0.0,top,KiKit_MB_29_3,,NPTH,NPTH,tht,True
2.5,-8.0,0.0,top,KiKit_MB_29_4,,NPTH,NPTH,tht,True
3.5,-8.0,0.0,top,KiKit_MB_29_5,,NPTH,NPTH,tht,True
4.5,-8.0,0.0,top,KiKit_MB_29_6,,NPTH,NPTH,tht,True
112.6926,-32.1338,0.0,top,KiKit_MB_2_1,,NPTH,NPTH,tht,True
112.6926,-41.1338,0.0,top,KiKit_MB_2_10,,NPTH,NPTH,tht,True
112.6926,-33.1338,0.0,top,KiKit_MB_2_2,,NPTH,NPTH,tht,True
112.6926,-34.1338,0.0,top,KiKit_MB_2_3,,NPTH,NPTH,tht,True
112.6926,-35.1338,0.0,top,KiKit_MB_2_4,,NPTH,NPTH,tht,True
112.6926,-36.1338,0.0,top,KiKit_MB_2_5,,NPTH,NPTH,tht,True
112.6926,-37.1338,0.0,top,KiKit_MB_2_6,,NPTH,NPTH,tht,True
112.6926,-38.1338,0.0,top,KiKit_MB_2_7,,NPTH,NPTH,tht,True
112.6926,-39.1338,0.0,top,KiKit_MB_2_8,,NPTH,NPTH,tht,True
112.6926,-40.1338,0.0,top,KiKit_MB_2_9,,NPTH,NPTH,tht,True
0.5,-124.5352,0.0,top,KiKit_MB_30_2,,NPTH,NPTH,tht,True
1.5,-124.5352,0.0,top,KiKit_MB_30_3,,NPTH,NPTH,tht,True
2.5,-124.5352,0.0,top,KiKit_MB_30_4,,NPTH,NPTH,tht,True
3.5,-124.5352,0.0,top,KiKit_MB_30_5,,NPTH,NPTH,tht,True
4.5,-124.5352,0.0,top,KiKit_MB_30_6,,NPTH,NPTH,tht,True
223.2852,-8.0,0.0,top,KiKit_MB_31_2,,NPTH,NPTH,tht,True
224.2852,-8.0,0.0,top,KiKit_MB_31_3,,NPTH,NPTH,tht,True
225.2852,-8.0,0.0,top,KiKit_MB_31_4,,NPTH,NPTH,tht,True
226.2852,-8.0,0.0,top,KiKit_MB_31_5,,NPTH,NPTH,tht,True
227.2852,-8.0,0.0,top,KiKit_MB_31_6,,NPTH,NPTH,tht,True
223.2852,-124.5352,0.0,top,KiKit_MB_32_2,,NPTH,NPTH,tht,True
224.2852,-124.5352,0.0,top,KiKit_MB_32_3,,NPTH,NPTH,tht,True
225.2852,-124.5352,0.0,top,KiKit_MB_32_4,,NPTH,NPTH,tht,True
226.2852,-124.5352,0.0,top,KiKit_MB_32_5,,NPTH,NPTH,tht,True
227.2852,-124.5352,0.0,top,KiKit_MB_32_6,,NPTH,NPTH,tht,True
38.4642,-8.2,0.0,top,KiKit_MB_3_1,,NPTH,NPTH,tht,True
47.4642,-8.2,0.0,top,KiKit_MB_3_10,,NPTH,NPTH,tht,True
39.4642,-8.2,0.0,top,KiKit_MB_3_2,,NPTH,NPTH,tht,True
40.4642,-8.2,0.0,top,KiKit_MB_3_3,,NPTH,NPTH,tht,True
41.4642,-8.2,0.0,top,KiKit_MB_3_4,,NPTH,NPTH,tht,True
42.4642,-8.2,0.0,top,KiKit_MB_3_5,,NPTH,NPTH,tht,True
43.4642,-8.2,0.0,top,KiKit_MB_3_6,,NPTH,NPTH,tht,True
44.4642,-8.2,0.0,top,KiKit_MB_3_7,,NPTH,NPTH,tht,True
45.4642,-8.2,0.0,top,KiKit_MB_3_8,,NPTH,NPTH,tht,True
46.4642,-8.2,0.0,top,KiKit_MB_3_9,,NPTH,NPTH,tht,True
73.4284,-8.2,0.0,top,KiKit_MB_4_1,,NPTH,NPTH,tht,True
82.4284,-8.2,0.0,top,KiKit_MB_4_10,,NPTH,NPTH,tht,True
74.4284,-8.2,0.0,top,KiKit_MB_4_2,,NPTH,NPTH,tht,True
75.4284,-8.2,0.0,top,KiKit_MB_4_3,,NPTH,NPTH,tht,True
76.4284,-8.2,0.0,top,KiKit_MB_4_4,,NPTH,NPTH,tht,True
77.4284,-8.2,0.0,top,KiKit_MB_4_5,,NPTH,NPTH,tht,True
78.4284,-8.2,0.0,top,KiKit_MB_4_6,,NPTH,NPTH,tht,True
79.4284,-8.2,0.0,top,KiKit_MB_4_7,,NPTH,NPTH,tht,True
80.4284,-8.2,0.0,top,KiKit_MB_4_8,,NPTH,NPTH,tht,True
81.4284,-8.2,0.0,top,KiKit_MB_4_9,,NPTH,NPTH,tht,True
47.4642,-65.0676,0.0,top,KiKit_MB_5_1,,NPTH,NPTH,tht,True
38.4642,-65.0676,0.0,top,KiKit_MB_5_10,,NPTH,NPTH,tht,True
46.4642,-65.0676,0.0,top,KiKit_MB_5_2,,NPTH,NPTH,tht,True
45.4642,-65.0676,0.0,top,KiKit_MB_5_3,,NPTH,NPTH,tht,True
44.4642,-65.0676,0.0,top,KiKit_MB_5_4,,NPTH,NPTH,tht,True
43.4642,-65.0676,0.0,top,KiKit_MB_5_5,,NPTH,NPTH,tht,True
42.4642,-65.0676,0.0,top,KiKit_MB_5_6,,NPTH,NPTH,tht,True
41.4642,-65.0676,0.0,top,KiKit_MB_5_7,,NPTH,NPTH,tht,True
40.4642,-65.0676,0.0,top,KiKit_MB_5_8,,NPTH,NPTH,tht,True
39.4642,-65.0676,0.0,top,KiKit_MB_5_9,,NPTH,NPTH,tht,True
82.4284,-65.0676,0.0,top,KiKit_MB_6_1,,NPTH,NPTH,tht,True
73.4284,-65.0676,0.0,top,KiKit_MB_6_10,,NPTH,NPTH,tht,True
81.4284,-65.0676,0.0,top,KiKit_MB_6_2,,NPTH,NPTH,tht,True
80.4284,-65.0676,0.0,top,KiKit_MB_6_3,,NPTH,NPTH,tht,True
79.4284,-65.0676,0.0,top,KiKit_MB_6_4,,NPTH,NPTH,tht,True
78.4284,-65.0676,0.0,top,KiKit_MB_6_5,,NPTH,NPTH,tht,True
77.4284,-65.0676,0.0,top,KiKit_MB_6_6,,NPTH,NPTH,tht,True
76.4284,-65.0676,0.0,top,KiKit_MB_6_7,,NPTH,NPTH,tht,True
75.4284,-65.0676,0.0,top,KiKit_MB_6_8,,NPTH,NPTH,tht,True
74.4284,-65.0676,0.0,top,KiKit_MB_6_9,,NPTH,NPTH,tht,True
115.0926,-41.1338,0.0,top,KiKit_MB_7_1,,NPTH,NPTH,tht,True
115.0926,-32.1338,0.0,top,KiKit_MB_7_10,,NPTH,NPTH,tht,True
115.0926,-40.1338,0.0,top,KiKit_MB_7_2,,NPTH,NPTH,tht,True
115.0926,-39.1338,0.0,top,KiKit_MB_7_3,,NPTH,NPTH,tht,True
115.0926,-38.1338,0.0,top,KiKit_MB_7_4,,NPTH,NPTH,tht,True
115.0926,-37.1338,0.0,top,KiKit_MB_7_5,,NPTH,NPTH,tht,True
115.0926,-36.1338,0.0,top,KiKit_MB_7_6,,NPTH,NPTH,tht,True
115.0926,-35.1338,0.0,top,KiKit_MB_7_7,,NPTH,NPTH,tht,True
115.0926,-34.1338,0.0,top,KiKit_MB_7_8,,NPTH,NPTH,tht,True
115.0926,-33.1338,0.0,top,KiKit_MB_7_9,,NPTH,NPTH,tht,True
219.5852,-32.1338,0.0,top,KiKit_MB_8_1,,NPTH,NPTH,tht,True
219.5852,-41.1338,0.0,top,KiKit_MB_8_10,,NPTH,NPTH,tht,True
219.5852,-33.1338,0.0,top,KiKit_MB_8_2,,NPTH,NPTH,tht,True
219.5852,-34.1338,0.0,top,KiKit_MB_8_3,,NPTH,NPTH,tht,True
219.5852,-35.1338,0.0,top,KiKit_MB_8_4,,NPTH,NPTH,tht,True
219.5852,-36.1338,0.0,top,KiKit_MB_8_5,,NPTH,NPTH,tht,True
219.5852,-37.1338,0.0,top,KiKit_MB_8_6,,NPTH,NPTH,tht,True
219.5852,-38.1338,0.0,top,KiKit_MB_8_7,,NPTH,NPTH,tht,True
219.5852,-39.1338,0.0,top,KiKit_MB_8_8,,NPTH,NPTH,tht,True
219.5852,-40.1338,0.0,top,KiKit_MB_8_9,,NPTH,NPTH,tht,True
145.3568,-8.2,0.0,top,KiKit_MB_9_1,,NPTH,NPTH,tht,True
154.3568,-8.2,0.0,top,KiKit_MB_9_10,,NPTH,NPTH,tht,True
146.3568,-8.2,0.0,top,KiKit_MB_9_2,,NPTH,NPTH,tht,True
147.3568,-8.2,0.0,top,KiKit_MB_9_3,,NPTH,NPTH,tht,True
148.3568,-8.2,0.0,top,KiKit_MB_9_4,,NPTH,NPTH,tht,True
149.3568,-8.2,0.0,top,KiKit_MB_9_5,,NPTH,NPTH,tht,True
150.3568,-8.2,0.0,top,KiKit_MB_9_6,,NPTH,NPTH,tht,True
151.3568,-8.2,0.0,top,KiKit_MB_9_7,,NPTH,NPTH,tht,True
152.3568,-8.2,0.0,top,KiKit_MB_9_8,,NPTH,NPTH,tht,True
153.3568,-8.2,0.0,top,KiKit_MB_9_9,,NPTH,NPTH,tht,True
141.3933,-108.0176,90.0,top,Q1,,SOT-23,BSS84,smt,True
34.5007,-108.0176,90.0,top,Q1,,SOT-23,BSS84,smt,True
141.3933,-48.75,90.0,top,Q1,,SOT-23,BSS84,smt,True
34.5007,-48.75,90.0,top,Q1,,SOT-23,BSS84,smt,True
34.6607,-75.8451,90.0,top,Q2,,SOT-23,BSS84,smt,True
34.6607,-16.5775,90.0,top,Q2,,SOT-23,BSS84,smt,True
141.5533,-75.8451,90.0,top,Q2,,SOT-23,BSS84,smt,True
141.5533,-16.5775,90.0,top,Q2,,SOT-23,BSS84,smt,True
140.8333,-90.9776,180.0,top,Q3,,SOT-23,MMBT3904,smt,True
33.9407,-90.9776,180.0,top,Q3,,SOT-23,MMBT3904,smt,True
140.8333,-31.71,180.0,top,Q3,,SOT-23,MMBT3904,smt,True
33.9407,-31.71,180.0,top,Q3,,SOT-23,MMBT3904,smt,True
33.9407,-95.4276,180.0,top,Q4,,SOT-23,MMBT3904,smt,True
140.8333,-36.16,180.0,top,Q4,,SOT-23,MMBT3904,smt,True
140.8333,-95.4276,180.0,top,Q4,,SOT-23,MMBT3904,smt,True
33.9407,-36.16,180.0,top,Q4,,SOT-23,MMBT3904,smt,True
180.7033,-53.69,0.0,top,R1,,R_0805_2012Metric,10k,smt,True
73.8107,-112.9576,0.0,top,R1,,R_0805_2012Metric,10k,smt,True
180.7033,-112.9576,0.0,top,R1,,R_0805_2012Metric,10k,smt,True
73.8107,-53.69,0.0,top,R1,,R_0805_2012Metric,10k,smt,True
152.3033,-58.67,90.0,top,R10,,R_0805_2012Metric,10M,smt,True
45.4107,-117.9376,90.0,top,R10,,R_0805_2012Metric,10M,smt,True
152.3033,-117.9376,90.0,top,R10,,R_0805_2012Metric,10M,smt,True
45.4107,-58.67,90.0,top,R10,,R_0805_2012Metric,10M,smt,True
148.8533,-16.6275,-90.0,top,R11,,R_0805_2012Metric,2k,smt,True
148.8533,-75.8951,-90.0,top,R11,,R_0805_2012Metric,2k,smt,True
41.9607,-16.6275,-90.0,top,R11,,R_0805_2012Metric,2k,smt,True
41.9607,-75.8951,-90.0,top,R11,,R_0805_2012Metric,2k,smt,True
143.1533,-80.5076,-90.0,top,R12,,R_0805_2012Metric,10k,smt,True
143.1533,-21.24,-90.0,top,R12,,R_0805_2012Metric,10k,smt,True
36.2607,-80.5076,-90.0,top,R12,,R_0805_2012Metric,10k,smt,True
36.2607,-21.24,-90.0,top,R12,,R_0805_2012Metric,10k,smt,True
140.6033,-21.24,90.0,top,R13,,R_0805_2012Metric,500R,smt,True
140.6033,-80.5076,90.0,top,R13,,R_0805_2012Metric,500R,smt,True
33.7107,-21.24,90.0,top,R13,,R_0805_2012Metric,500R,smt,True
33.7107,-80.5076,90.0,top,R13,,R_0805_2012Metric,500R,smt,True
155.6383,-58.67,-90.0,top,R14,,R_0805_2012Metric,10M,smt,True
48.7457,-117.9376,-90.0,top,R14,,R_0805_2012Metric,10M,smt,True
155.6383,-117.9376,-90.0,top,R14,,R_0805_2012Metric,10M,smt,True
48.7457,-58.67,-90.0,top,R14,,R_0805_2012Metric,10M,smt,True
60.2607,-73.3876,180.0,top,R15,,R_0805_2012Metric,100k,smt,True
167.1533,-73.3876,180.0,top,R15,,R_0805_2012Metric,100k,smt,True
167.1533,-14.12,180.0,top,R15,,R_0805_2012Metric,100k,smt,True
60.2607,-14.12,180.0,top,R15,,R_0805_2012Metric,100k,smt,True
71.1707,-12.36,90.0,top,R16,,R_0805_2012Metric,50k,smt,True
71.1707,-71.6276,90.0,top,R16,,R_0805_2012Metric,50k,smt,True
178.0633,-12.36,90.0,top,R16,,R_0805_2012Metric,50k,smt,True
178.0633,-71.6276,90.0,top,R16,,R_0805_2012Metric,50k,smt,True
157.3433,-14.9275,0.0,top,R17,,R_0805_2012Metric,50k,smt,True
50.4507,-74.1951,0.0,top,R17,,R_0805_2012Metric,50k,smt,True
50.4507,-14.9275,0.0,top,R17,,R_0805_2012Metric,50k,smt,True
157.3433,-74.1951,0.0,top,R17,,R_0805_2012Metric,50k,smt,True
54.5907,-77.6976,-90.0,top,R18,,R_0805_2012Metric,1M,smt,True
161.4833,-18.43,-90.0,top,R18,,R_0805_2012Metric,1M,smt,True
54.5907,-18.43,-90.0,top,R18,,R_0805_2012Metric,1M,smt,True
161.4833,-77.6976,-90.0,top,R18,,R_0805_2012Metric,1M,smt,True
175.6533,-85.4076,90.0,top,R19,,R_0805_2012Metric,1M,smt,True
68.7607,-26.14,90.0,top,R19,,R_0805_2012Metric,1M,smt,True
175.6533,-26.14,90.0,top,R19,,R_0805_2012Metric,1M,smt,True
68.7607,-85.4076,90.0,top,R19,,R_0805_2012Metric,1M,smt,True
185.8258,-101.0376,0.0,top,R2,,R_0805_2012Metric,0,smt,True
78.9332,-101.0376,0.0,top,R2,,R_0805_2012Metric,0,smt,True
185.8258,-41.77,0.0,top,R2,,R_0805_2012Metric,0,smt,True
78.9332,-41.77,0.0,top,R2,,R_0805_2012Metric,0,smt,True
186.3833,-12.52,90.0,top,R20,,R_0805_2012Metric,10k,smt,True
79.4907,-12.52,90.0,top,R20,,R_0805_2012Metric,10k,smt,True
186.3833,-71.7876,90.0,top,R20,,R_0805_2012Metric,10k,smt,True
79.4907,-71.7876,90.0,top,R20,,R_0805_2012Metric,10k,smt,True
39.3207,-35.23,180.0,top,R21,,R_0805_2012Metric_Pad1.20x1.40mm_HandSolder,10K,smt,True
146.2133,-35.23,180.0,top,R21,,R_0805_2012Metric_Pad1.20x1.40mm_HandSolder,10K,smt,True
39.3207,-94.4976,180.0,top,R21,,R_0805_2012Metric_Pad1.20x1.40mm_HandSolder,10K,smt,True
146.2133,-94.4976,180.0,top,R21,,R_0805_2012Metric_Pad1.20x1.40mm_HandSolder,10K,smt,True
146.3233,-90.1576,180.0,top,R22,,R_0805_2012Metric_Pad1.20x1.40mm_HandSolder,10K,smt,True
39.4307,-90.1576,180.0,top,R22,,R_0805_2012Metric_Pad1.20x1.40mm_HandSolder,10K,smt,True
146.3233,-30.89,180.0,top,R22,,R_0805_2012Metric_Pad1.20x1.40mm_HandSolder,10K,smt,True
39.4307,-30.89,180.0,top,R22,,R_0805_2012Metric_Pad1.20x1.40mm_HandSolder,10K,smt,True
78.8432,-38.44,0.0,top,R3,,R_0805_2012Metric,0,smt,True
185.7358,-38.44,0.0,top,R3,,R_0805_2012Metric,0,smt,True
185.7358,-97.7076,0.0,top,R3,,R_0805_2012Metric,0,smt,True
78.8432,-97.7076,0.0,top,R3,,R_0805_2012Metric,0,smt,True
78.8432,-34.61,0.0,top,R4,,R_0805_2012Metric,10K,smt,True
185.7358,-34.61,0.0,top,R4,,R_0805_2012Metric,10K,smt,True
78.8432,-93.8776,0.0,top,R4,,R_0805_2012Metric,10K,smt,True
185.7358,-93.8776,0.0,top,R4,,R_0805_2012Metric,10K,smt,True
200.7933,-101.7401,90.0,top,R5,,R_0805_2012Metric,4.7k,smt,True
200.7933,-42.4725,90.0,top,R5,,R_0805_2012Metric,4.7k,smt,True
93.9007,-101.7401,90.0,top,R5,,R_0805_2012Metric,4.7k,smt,True
93.9007,-42.4725,90.0,top,R5,,R_0805_2012Metric,4.7k,smt,True
201.3033,-119.0876,180.0,top,R6,,R_0805_2012Metric,4.7k,smt,True
94.4107,-59.82,180.0,top,R6,,R_0805_2012Metric,4.7k,smt,True
94.4107,-119.0876,180.0,top,R6,,R_0805_2012Metric,4.7k,smt,True
201.3033,-59.82,180.0,top,R6,,R_0805_2012Metric,4.7k,smt,True
80.2307,-106.1601,-90.0,top,R7,,R_0805_2012Metric,4.7k,smt,True
187.1233,-46.8925,-90.0,top,R7,,R_0805_2012Metric,4.7k,smt,True
80.2307,-46.8925,-90.0,top,R7,,R_0805_2012Metric,4.7k,smt,True
187.1233,-106.1601,-90.0,top,R7,,R_0805_2012Metric,4.7k,smt,True
202.2633,-76.2176,90.0,top,R8,,R_0805_2012Metric,100k,smt,True
202.2633,-16.95,90.0,top,R8,,R_0805_2012Metric,100k,smt,True
95.3707,-16.95,90.0,top,R8,,R_0805_2012Metric,100k,smt,True
95.3707,-76.2176,90.0,top,R8,,R_0805_2012Metric,100k,smt,True
153.6533,-35.11,0.0,top,R9,,R_0805_2012Metric,10k,smt,True
46.7607,-35.11,0.0,top,R9,,R_0805_2012Metric,10k,smt,True
153.6533,-94.3776,0.0,top,R9,,R_0805_2012Metric,10k,smt,True
46.7607,-94.3776,0.0,top,R9,,R_0805_2012Metric,10k,smt,True
144.2246,-71.2376,0.0,bottom,S1,,PTS526SK15SMTR2LFS,PTS526_SK15_SMTR2_LFS,smt,True
37.332,-11.97,0.0,bottom,S1,,PTS526SK15SMTR2LFS,PTS526_SK15_SMTR2_LFS,smt,True
37.332,-71.2376,0.0,bottom,S1,,PTS526SK15SMTR2LFS,PTS526_SK15_SMTR2_LFS,smt,True
144.2246,-11.97,0.0,bottom,S1,,PTS526SK15SMTR2LFS,PTS526_SK15_SMTR2_LFS,smt,True
190.4533,-71.2376,180.0,bottom,S2,,PTS526SK15SMTR2LFS,PTS526_SK15_SMTR2_LFS,smt,True
83.5607,-11.97,180.0,bottom,S2,,PTS526SK15SMTR2LFS,PTS526_SK15_SMTR2_LFS,smt,True
190.4533,-11.97,180.0,bottom,S2,,PTS526SK15SMTR2LFS,PTS526_SK15_SMTR2_LFS,smt,True
83.5607,-71.2376,180.0,bottom,S2,,PTS526SK15SMTR2LFS,PTS526_SK15_SMTR2_LFS,smt,True
141.4033,-57.57,-90.0,top,U1,,SOT-23-5_HandSoldering,RT9080-33GJ5,smt,True
34.5107,-57.57,-90.0,top,U1,,SOT-23-5_HandSoldering,RT9080-33GJ5,smt,True
141.4033,-116.8376,-90.0,top,U1,,SOT-23-5_HandSoldering,RT9080-33GJ5,smt,True
34.5107,-116.8376,-90.0,top,U1,,SOT-23-5_HandSoldering,RT9080-33GJ5,smt,True
60.2207,-100.0776,180.0,top,U2,,ESP32-S3-WROOM-1U,ESP32-S3-WROOM-1,smt,True
167.1133,-100.0776,180.0,top,U2,,ESP32-S3-WROOM-1U,ESP32-S3-WROOM-1,smt,True
60.2207,-40.81,180.0,top,U2,,ESP32-S3-WROOM-1U,ESP32-S3-WROOM-1,smt,True
167.1133,-40.81,180.0,top,U2,,ESP32-S3-WROOM-1U,ESP32-S3-WROOM-1,smt,True
60.44635,-9.83,0.0,top,U3,,SON65P250X250X80-7N,ALT021-10E,tht,True
167.33895,-9.83,0.0,top,U3,,SON65P250X250X80-7N,ALT021-10E,tht,True
167.33895,-69.0976,0.0,top,U3,,SON65P250X250X80-7N,ALT021-10E,tht,True
60.44635,-69.0976,0.0,top,U3,,SON65P250X250X80-7N,ALT021-10E,tht,True
167.33895,-77.82324,90.0,top,U4,,STQFN-24-3.0X3.0-A,SLG47004V,smt,True
167.33895,-18.55564,90.0,top,U4,,STQFN-24-3.0X3.0-A,SLG47004V,smt,True
60.44635,-18.55564,90.0,top,U4,,STQFN-24-3.0X3.0-A,SLG47004V,smt,True
60.44635,-77.82324,90.0,top,U4,,STQFN-24-3.0X3.0-A,SLG47004V,smt,True
89.4007,-77.4676,0.0,top,U5,,MSOP-8_3x3mm_P0.65mm,PCF8563TS,smt,True
196.2933,-18.2,0.0,top,U5,,MSOP-8_3x3mm_P0.65mm,PCF8563TS,smt,True
89.4007,-18.2,0.0,top,U5,,MSOP-8_3x3mm_P0.65mm,PCF8563TS,smt,True
196.2933,-77.4676,0.0,top,U5,,MSOP-8_3x3mm_P0.65mm,PCF8563TS,smt,True
27.332,-72.2676,180.0,bottom,U6,,INPI22TAT5R5G5B,IN-PI22TAT5R5G5B,smt,True
134.2246,-13.0,180.0,bottom,U6,,INPI22TAT5R5G5B,IN-PI22TAT5R5G5B,smt,True
134.2246,-72.2676,180.0,bottom,U6,,INPI22TAT5R5G5B,IN-PI22TAT5R5G5B,smt,True
27.332,-13.0,180.0,bottom,U6,,INPI22TAT5R5G5B,IN-PI22TAT5R5G5B,smt,True
84.8457,-115.3326,0.0,top,U8,,SOIC-8_3.9x4.9mm_P1.27mm,MB85RC64TA,smt,True
191.7383,-115.3326,0.0,top,U8,,SOIC-8_3.9x4.9mm_P1.27mm,MB85RC64TA,smt,True
84.8457,-56.065,0.0,top,U8,,SOIC-8_3.9x4.9mm_P1.27mm,MB85RC64TA,smt,True
191.7383,-56.065,0.0,top,U8,,SOIC-8_3.9x4.9mm_P1.27mm,MB85RC64TA,smt,True
72.3007,-21.44,0.0,top,U9,,SLG88103V,SLG88103V,smt,True
72.3007,-80.7076,0.0,top,U9,,SLG88103V,SLG88103V,smt,True
179.1933,-21.44,0.0,top,U9,,SLG88103V,SLG88103V,smt,True
179.1933,-80.7076,0.0,top,U9,,SLG88103V,SLG88103V,smt,True
189.7133,-40.145,-90.0,top,Y1,,XTAL_ABS07-32.768KHZ-T,ABS07-32.768KHZ-T,smt,True
82.8207,-40.145,-90.0,top,Y1,,XTAL_ABS07-32.768KHZ-T,ABS07-32.768KHZ-T,smt,True
189.7133,-99.4126,-90.0,top,Y1,,XTAL_ABS07-32.768KHZ-T,ABS07-32.768KHZ-T,smt,True
82.8207,-99.4126,-90.0,top,Y1,,XTAL_ABS07-32.768KHZ-T,ABS07-32.768KHZ-T,smt,True
79.0607,-76.8326,90.0,top,Y2,,XTAL_ABS07-32.768KHZ-T,ABS07-32.768KHZ-T,smt,True
79.0607,-17.565,90.0,top,Y2,,XTAL_ABS07-32.768KHZ-T,ABS07-32.768KHZ-T,smt,True
185.9533,-76.8326,90.0,top,Y2,,XTAL_ABS07-32.768KHZ-T,ABS07-32.768KHZ-T,smt,True
185.9533,-17.565,90.0,top,Y2,,XTAL_ABS07-32.768KHZ-T,ABS07-32.768KHZ-T,smt,True
